{"train/loss": 267.9274, "train/grad_norm": 470.3465270996094, "train/learning_rate": 3.142857142857143e-06, "train/epoch": 0.004729784203595711, "train/global_step": 22, "_timestamp": 1732291831.1176486, "_runtime": 600.1259264945984, "_step": 21}